target_word,sentence,model
ಮಾತು,ನನ್ನ ಮಾತು ಆಲಿಸಿ.,indicbert
ಮಾತು,ಆ ಮಾತು ನಿಜವಾಗಿದೆ.,indicbert
ಮಾತು,"ಮಾತುಗಳ ಅರ್ಥ ಅಲ್ಲ, ಭಾವ ಪ್ರಮುಖ.",indicbert
ಮಾತು,ಪದವಿನ ಮಾತು ಆಲಿಸಿ.,indicbert
ಮಾತು,ಇದು ಗಮನಾರ್ಹ ಮಾತು.,indicbert
ಮಾತು,ಆ ಮಾತಿನ ಬಗ್ಗೆ ಮಾತನಾಡಬೇಡ.,indicbert
ಮಾತು,ಕ್ರೀಡಾ ಮಾತು ಈತನಿಗೆ ಆಸಕ್ತಿ.,indicbert
ಮಾತು,ಉದ್ಯೋಗ ಮಾತುವನ್ನು ಪರಿಹರಿಸಬೇಕು.,indicbert
ಮಾತು,ಪಟ್ಟಣದಲ್ಲಿ ಸಾಕಷ್ಟು ಮಾತು ಆಗಿದೆ.,indicbert
ಮಾತು,ತಲೆಕೆಳಿತ ಮಾತು ನಂಬಬೇಡ.,indicbert
ಹಸ್ತ,ತನ್ನ ಹಸ್ತ ಮೆರೆದುಕೊಂಡರು.,indicbert
ಹಸ್ತ,ಹಸ್ತ ತೊಳೆಯಿರಿ.,indicbert
ಹಸ್ತ,ಬಲಹಸ್ತ ಕಾಲಿದಾಗ ಶಸ್ತ್ರ ಸರಿಸಿ.,indicbert
ಹಸ್ತ,ನನ್ನ ಹಸ್ತ ಗ್ರಹಿಸಿ.,indicbert
ಹಸ್ತ,ಆನೆಯ ಹಸ್ತ ಅತ್ಯಂತ ಶಕ್ತಿಶಾಳಿ.,indicbert
ಹಸ್ತ,ಹಸ್ತದಿಂದ ನೀರು ಕುಡಿಯುತ್ತವೆ.,indicbert
ಹಸ್ತ,ಅವನ ಹಸ್ತ ತುಂಬಾ ಸುಂದರವಾಗಿದೆ.,indicbert
ಹಸ್ತ,ಈ ಗ್ರಂಥ ಶೇಷಾದ್ರಿಯ ಹಸ್ತದಿಂದ ಬರೆದಿದೆ.,indicbert
ಹಸ್ತ,ಸಭೆ ಅವನ ಹಸ್ತದಲ್ಲಿದೆ.,indicbert
ಹಸ್ತ,ಆ ಭೂಮಿ ನಿನ್ನ ಹಸ್ತದಲ್ಲಿದೆ.,indicbert
ಬಾಗ,ಪುಷ್ಪಬಾಗ ಅತ್ಯಂತ ಸುಂದರವಾಗಿದೆ.,indicbert
ಬಾಗ,ತರಕಾರಿ ಬಾಗದಲ್ಲಿ ಸೋಂಕು ಹಿಡಿದಿದೆ.,indicbert
ಬಾಗ,ಸಂಪತ್ತಿನಿಂದ ಪ್ರತಿಯೊಬ್ಬರ ಬಾಗ ನಿರ್ಧರಿಸಿ.,indicbert
ಬಾಗ,ನನ್ನ ಬಾಗ ನಿಗದಿತವಾಗಿ ಇದೆ.,indicbert
ಬಾಗ,ಬೆಂಗಳೂರು ಉತ್ತರ ಬಾಗದಲ್ಲಿ ಸ್ಥಿತವಾಗಿದೆ.,indicbert
ಬಾಗ,ನಗರದ ಪಶ್ಚಿಮ ಬಾಗ ಸಾಕಷ್ಟು ಅಭಿವೃದ್ಧಿಯಾಗಿದೆ.,indicbert
ಚಿತ್ರ,ಆ ಚಿತ್ರ ನೈಜತ್ವವನ್ನು ಪ್ರತಿಬಿಂಬಿಸುತ್ತದೆ.,indicbert
ಚಿತ್ರ,ಚಿತ್ರ ತೆಗೆಯಬೇಕೆ?,indicbert
ಚಿತ್ರ,ಸಮಾಜದಲ್ಲಿ ಅನೇಕ ಚಿತ್ರ ಜನತೆ ವಾಸ ಮಾಡುತ್ತಾರೆ.,indicbert
ಚಿತ್ರ,ಈ ಕಾದಂಬರಿಯು ಚಿತ್ರವಾದ ಪ್ರಕರಣಗಳನ್ನು ಹೊಂದಿದೆ.,indicbert
ಚಿತ್ರ,ಆ ಚಿತ್ರ ಘಟನೆ ಕೇಳಲು ಅದ್ಭುತವಾಗಿದೆ.,indicbert
ಚಿತ್ರ,ಚಿತ್ರವಾದ ಸಂಗತಿ ಸಂಭವಿಸಿದೆ.,indicbert
ಚಿತ್ರ,ರವಿಶಂಕರ ಸುಂದರ ಚಿತ್ರ ಸೃಷ್ಟಿಸುತ್ತಾರೆ.,indicbert
ಚಿತ್ರ,ಈ ಚಿತ್ರ ಶಿಲ್ಪ ಅಸಾಧಾರಣ ಕಾದಂಬರಿ.,indicbert
ಕಾಲ,ಕಾಲ ದ್ರುತವಾಗಿ ಹಾದುಹೋಗಿ.,indicbert
ಕಾಲ,ಮಹಾಭಾರತದ ಕಾಲದಲ್ಲಿ ಅನೇಕ ಯುದ್ಧ ನಡೆದವು.,indicbert
ಕಾಲ,ಅವನ ಎಡ ಕಾಲು ಮುರಿದಿದೆ.,indicbert
ಕಾಲ,ಕಾಲು ನೋವಾಗುತ್ತಿದೆ.,indicbert
ಕಾಲ,ಬೇಸಿಗೆ ಕಾಲ ತುಂಬಾ ಬಿಸಿಯಾಗಿರುತ್ತವೆ.,indicbert
ಕಾಲ,ಮುಂಗಾರು ಕಾಲ ಮೂವೆತ್ತೆ ಅಂದಾಗೆ ಬರುತ್ತದೆ.,indicbert
ಧರಣಿ,ಧರಣಿ ಭ್ರಮಿಸುತ್ತಾ ಇರುತ್ತದೆ.,indicbert
ಧರಣಿ,ಧರಣಿಯ ಮೇಲೆ ಮಿಲಿಯನ ಜನ ವಾಸ ಮಾಡುತ್ತಾರೆ.,indicbert
ಧರಣಿ,ಈ ಕೋಟೆಯ ಧರಣಿ ಕಲ್ಲಿನಿಂದ ಕೆತ್ತಿರುವುದು.,indicbert
ಧರಣಿ,ಮನೆಯ ಧರಣಿ ಬಲಾಗಿರುವುದು ಅಗತ್ಯ.,indicbert
ಚಕ್ರ,ರಥದ ಚಕ್ರ ಭಾರೀ ಮರದಿಂದ ತಯಾರಾಗಿದೆ.,indicbert
ಚಕ್ರ,ಮೊಟೊರಿನ ಚಕ್ರ ತಿರುಗುತ್ತಿದೆ.,indicbert
ಚಕ್ರ,ಜೀವನದ ಚಕ್ರ ಮುಂದುವರಿದುಕೊಂಡಿದೆ.,indicbert
ಚಕ್ರ,ಋತುಗಳ ಚಕ್ರ ಪುನರಾವೃತ್ತಿಯಾಗುತ್ತಿದೆ.,indicbert
ಚಕ್ರ,ಯೋಗದಲ್ಲಿ ಆಚ್ಠ ಚಕ್ರಗಳು ಮುಖ್ಯ.,indicbert
ಚಕ್ರ,ಹೃದಯ ಚಕ್ರ ಸಕ್ರಿಯಗೊಳಿಸುತ್ತಾರೆ.,indicbert
ಚಕ್ರ,ಕೃಷ್ಣನ ಚಕ್ರ ವೈಷ್ಣವ ಅಸ್ತ್ರ.,indicbert
ಚಕ್ರ,ಸುದರ್ಶನ ಚಕ್ರ ಸಕಲವನ್ನು ನಾಶಮಾಡುತ್ತಿದೆ.,indicbert
ಕರಣ,ಈ ಘಟನೆಯ ಕರಣ ಎಂದರೆ ನಿರ್ಲಕ್ಷ್ಯತೆ.,indicbert
ಕರಣ,ಅನಸ್ಥೆಯ ಕರಣ ಕಾರ್ಯಭಾರ ಹೆಚ್ಚು.,indicbert
ಕರಣ,ಶಿಕ್ಷಣ ಜೀವನ ಸುಧಾರಣೆಯ ಕರಣ.,indicbert
ಕರಣ,ನೃತ್ಯಕ ಕರಣಗಳು ಅದ್ಭುತವಾಗಿವೆ.,indicbert
ಪ್ರಭು,ಸೋಮನಾಥ ತನ್ನ ಗುಲಾಮನ ಪ್ರಭು.,indicbert
ಪ್ರಭು,ಪ್ರಭುವಿನ ಆದೇಶ ಪಾಲಿಸಲೇಬೇಕು.,indicbert
ಪ್ರಭು,ಪ್ರಭುವೆ ನಮ್ಮನ್ನು ರಕ್ಷಿಸಿ.,indicbert
ಪ್ರಭು,ಪ್ರಭುವಿನ ಕೃಪೆ ಅಪರಿಸೀಮ.,indicbert
ಭಕ್ತ,ಕೃಷ್ಣನ ಭಕ್ತರು ಕೋವಿಲಿಗೆ ಸೆರೆದುಬಂದರು.,indicbert
ಭಕ್ತ,ಆ ಗುರುವಿನ ಭಕ್ತ ತುಂಬಾ ಆಸ್ಥೆಗಳುದ್ದ.,indicbert
ಭಕ್ತ,ಅರಸನ ಭಕ್ತರು ನಿರ್ದೇಶ ಪಾಲಿಸಿದರು.,indicbert
ಭಕ್ತ,ಭಕ್ತರನ್ನು ಸಮ್ಮಾನಿಸಿ.,indicbert
ರಸ,ಆ ಅನ್ನದ ರಸ ಅತ್ಯಂತ ಸುಮಾರು.,indicbert
ರಸ,ಲೆಮೆನ್ ರಸ ಅಮ್ಲೀಯವಾಗಿರುತ್ತದೆ.,indicbert
ರಸ,ಹಣ್ಣಿನ ರಸ ಮಿಠಾಗಿರುತ್ತದೆ.,indicbert
ರಸ,ಗೆಜ್ಜಿನ ರಸ ಸೋಯಿ ರಸ ಹೊಂದಿಕೆ.,indicbert
ರಸ,ಕವಿತೆಯಲ್ಲಿ ಭಿನ್ನ ರಸಗಳು ಇವೆ.,indicbert
ರಸ,ಶೃಂಗಾರ ರಸ ಸಂಗೀತದಲ್ಲಿ ಪ್ರಕಾಶಿತವಾಗುತ್ತದೆ.,indicbert
ಅರ್ಥ,ಈ ಮಾತುಗಳ ಅರ್ಥ ತೃಪ್ತಿದಾಯಕವಾಗಿದೆ.,indicbert
ಅರ್ಥ,ಪದದ ಅರ್ಥ ತಿಳಿಸಿ.,indicbert
ಅರ್ಥ,ಸಭೆ ಅರ್ಥ ಸೂಚಿಸಿದೆ.,indicbert
ಅರ್ಥ,ಅರ್ಥ ಪಾಲಿಸುವುದು ಅವಶ್ಯಕ.,indicbert
ಅರ್ಥ,ಯುವಕನ ಅರ್ಥ ಉನ್ನತಿಯಿತು.,indicbert
ಅರ್ಥ,ಈ ಪ್ರಯೋಗದ ಅರ್ಥ ತಪ್ಪಾದ ವಿಷಯ ಪಕ್ಷೀಕರಿಸುವುದು.,indicbert
ನೀಡ,ಪಕ್ಷಿಯ ನೀಡ ವೃಕ್ಷದ ಮೇಲೆ ಇದೆ.,indicbert
ನೀಡ,ಸೂಕನಲ್ಲಿ ನೀಡ ತಿರಿಯುತ್ತೆ.,indicbert
ನೀಡ,ಬೆಕೆಲೆಗಾಗಿ ಪರಿವಾರದ ನೀಡ ನಿರ್ಮಾಣ ಮಾಡಿದರು.,indicbert
ನೀಡ,ಹೊಸ ನೀಡಕ್ಕೆ ಸ್ವಾಗತ.,indicbert
ರಸ,ದೇವತೆಗಳು ಅಮೃತ ರಸ ಕುಡಿದರು.,indicbert
ತೆಗೆ,ನನ್ನ ಹಸ್ತ ತೆಗೆ.,indicbert
ತೆಗೆ,ಹಾಕುಮಾರಿಗೆ ನಕ್ಷತ್ರ ತೆಗೆದು ಕೊಟ್ಟರು.,indicbert
ತೆಗೆ,ಹೋಗಿ ಮೇಲಿನ ತಗರು ತೆಗೆದುಕೊ.,indicbert
ತೆಗೆ,ಕಂಕುದಿಂದ ಮುಖ್ಯ ಕೆಲಸ ತೆಗೆದುಕೊ.,indicbert
ತೆಗೆ,ನೆಲದಿಂದ ಪಿಸು ತೆಗೆದುಕೊ.,indicbert
ತೆಗೆ,ಹೊರಗಿನ ಸೂಪ ತೆಗೆದುಕೊಂಡೆ.,indicbert
ತೆಗೆ,ಗುರಿನೆ ಬಾರಣವನ್ನು ತೆಗೆದುಕೊಳ್ಳಿ.,indicbert
ತೆಗೆ,ಪ್ರಾಣಿ ಪರೀಕ್ಷೆಯಲ್ಲಿ ತೆಗೆದುಕೊಂಡರು.,indicbert
ಕೊಡು,ಆನೆಗೆ ಒಣಹೂವು ಕೊಡಿ.,indicbert
ಕೊಡು,ನನಗೆ ನೀರು ಕೊಡಿ.,indicbert
ಕೊಡು,ದೇವರಿಗೆ ಹೂವು ಕೊಡುವುದು ಸಂಪ್ರದಾಯ.,indicbert
ಕೊಡು,ಅತಿಥಿಗೆ ಆಸನ ಕೊಡಿ.,indicbert
ಕೊಡು,ಶತ್ರುವಿಗೆ ಭೀಷಣ ಪ್ರಹಾರ ಕೊಡುತ್ತೆ.,indicbert
ಕೊಡು,ತೊಡೆಯಿಂದ ಥಳಿ ಕೊಟ್ಟನಳೆ.,indicbert
ಕೊಡು,ಗಿರುಗಳ ಹಾಕುಮಾರಿ ಬೆಳ್ಳಳಿ ಕೊಡುತ್ತವೆ.,indicbert
ಕೊಡು,ಕ್ಷೇತ್ರ ಸಂಪೂರ್ಣ ಫಸಲಿ ಕೊಡುತ್ತಿದೆ.,indicbert
ನೋಡು,ಆಕಾಶ ನೋಡಿ.,indicbert
ನೋಡು,ಒಟ್ಟಿಗೆ ಏನು ನೋಡುತ್ತೀಯ?,indicbert
ನೋಡು,ಸಿನೆಮಾ ನೋಡುವುದು ಆನಂದ.,indicbert
ನೋಡು,ಕಡಿಮೆ ಮಾರುಕಟ್ಟೆ ನೋಡೊಳ್ಳಿ.,indicbert
ನೋಡು,ನನ್ನ ಸ್ನೇಹಿತ ನೀಡೆ ನೋಡುತ್ತೆ.,indicbert
ನೋಡು,ರಾತ್ರಿ ನಿಮ್ಮನ್ನು ನೋಡುತ್ತೇನೆ.,indicbert
ನೋಡು,ಸರಿಪೊತ್ತು ನೋಡಿ.,indicbert
ನೋಡು,ಚಿಕಿತ್ಸಕ ರೋಗಿಯನ್ನು ನೋಡಿದರು.,indicbert
ಸಾಕು,ಇಷ್ಟು ಸಾಕು.,indicbert
ಸಾಕು,ಹಣ ಸಾಕುದೆ?,indicbert
ಸಾಕು,ಹಸು ಸಾಕುವುದು ಅಸಾಧಾರಣ.,indicbert
ಸಾಕು,ಗುರುಗಳನ್ನು ಸಾಕಿದೆ.,indicbert
ಸಾಕು,ಈ ನೋವು ಸಾಕಲಾರೆ.,indicbert
ಸಾಕು,ಹೆಚ್ಚು ಅವಮಾನ ಸಾಕಬಾರದು.,indicbert
ಧರಿಸು,ಹೊಸ ಬಟ್ಟೆ ಧರಿಸಿ.,indicbert
ಧರಿಸು,ಮುಖವಾಣಿ ಧರಿಸಿ.,indicbert
ಧರಿಸು,ಅಸ್ತ್ರ ಧರಿಸಿ ಯುದ್ಧಕ್ಕೆ ಬಂದರು.,indicbert
ಧರಿಸು,ಮಾದರಿ ಧರಿಸಿ ಹೋಗುತ್ತೆ.,indicbert
ಧರಿಸು,ಭೂಮಿಯ ಸಾಕಷ್ಟು ಸೋಂಕುಗಳನ್ನು ಧರಿಸಿದೆ.,indicbert
ಧರಿಸು,ಕುಟುಂಬದ ನೈತಿಕ ಧರಿಸುವುದು ಅವಶ್ಯಕ.,indicbert
ಬರು,ನಾಳೆ ನನ್ನ ಮನೆಗೆ ಬಾರು.,indicbert
ಬರು,ಕಡಿಮೆ ಕರೆ ಸುಗಿಕೊ ಬರುತ್ತೆ.,indicbert
ಬರು,ರೈಲು ಸಮಯಕ್ಕೆ ಬರುತ್ತಿದೆ.,indicbert
ಬರು,ಮೇಲಿನ ಸಿಡಿ ಹಠಾತ್ತು ಬರುತ್ತೆ.,indicbert
ಬರು,ಇದೇ ಆಕಸ್ಮಾತ್ ಘಟನೆ ಕಾಲೇ ಕಾಲೇ ಬರುತ್ತದೆ.,indicbert
ಬರು,ಶೀತ ಋತುವು ಬರುತ್ತಿದೆ.,indicbert
ಬರು,ಅವನು ಅರಸನಾಗಿ ಬರುತ್ತೀಯ.,indicbert
ಬರು,ನೀ ಶಕ್ತಿಶಾಳಿಯಾಗಿ ಬರಿ.,indicbert
ಹೋಗು,ಪರೀಕ್ಷೆಗೆ ಹೋಗಿ.,indicbert
ಹೋಗು,ನನ್ನ ಕಾರು ಹೋಗುತ್ತಿದೆ.,indicbert
ಹೋಗು,"ಮುಂದೆ ಹೋಗಿ, ಜಾರುವುದು ಹೋಗುತ್ತೆ.",indicbert
ಹೋಗು,ಕೋಣೆಯಿಂದ ಹೋಗಿ.,indicbert
ಹೋಗು,ಅಲೋಕು ಹೋಗಿ.,indicbert
ಹೋಗು,ಸೂರ್ಯ ದಿಗಂತದ ಹೆಚ್ಚಿನ ಹೋಗಿ.,indicbert
ಹೋಗು,ದಿನ ಸರಿಸರಿ ಹೋಗುತ್ತಿದೆ.,indicbert
ಹೋಗು,ವರ್ಷ ಬೇಗ ಹೋದೆ.,indicbert
ಮಾಡು,ಚಿತ್ರ ಸೃಷ್ಟಿ ಮಾಡಿ.,indicbert
ಮಾಡು,ಕಟಣೆ ಮಾಡುತ್ತೇನೆ.,indicbert
ಮಾಡು,ಕೆಲಸ ಮಾಡಿ.,indicbert
ಮಾಡು,ಸಹಾಯ ಮಾಡಿ.,indicbert
ಮಾಡು,ಆಹಾರ ಮಾಡುತ್ತೇನೆ.,indicbert
ಮಾಡು,ಬಾರ ಮಾಡುವುದು ಪುರಸ್ಕಾರ.,indicbert
ಮಾಡು,ಸಮಸ್ಯೆ ಮಾಡಿದೆ.,indicbert
ಮಾಡು,ಕೆಸರು ಮಾಡುವುದು ಸುಗಮ.,indicbert
ಹೊಡೆ,ಮೇಜಿನ ಮೇಲೆ ಹೊಡೆಯಿರಿ.,indicbert
ಹೊಡೆ,ದುರ್ಬಲ ಲೋಕದ ಬೇಡಿ ಹೊಡೆಯುವುದು.,indicbert
ಹೊಡೆ,ಸರೀ ಪದಾರ್ಥವು ತೋಟದಲ್ಲಿ ಹೊಡೆದನು.,indicbert
ಹೊಡೆ,ಗಂಡುಸಾಪು ಹೊಡೆಯಿರಿ.,indicbert
ಹೊಡೆ,ಬೆಲ್ ಹೊಡೆಯಿರಿ.,indicbert
ಹೊಡೆ,ಮಾಂತ್ರಿಕ ಘಂಟೆ ಹೊಡೆಯುತ್ತಾರೆ.,indicbert
ಕೂಲಿ,ಪರೋಪಕಾರಿ ಉದ್ದೇಶದಿಂದ ಕೂಲಿ ಮಾಡುತ್ತೆ.,indicbert
ಕೂಲಿ,ನೋವಿನಿಂದ ಕೂಲಿ ಮಾಡಿದಾಳು.,indicbert
ಕೂಲಿ,ಮಗುವನ್ನು ಕೂಲಿ ಮಾಡಿ.,indicbert
ಕೂಲಿ,ನನ್ನನ್ನು ಕೂಲಿ ಮಾಡಿದಾಳು.,indicbert
ಕೂಲಿ,ಪಾರ್ಟಿಗೆ ಮಹತ್ತರ ಕೂಲಿ ಮಾಡಿದೆ.,indicbert
ಕೂಲಿ,ನಿನ್ನ ಸ್ನೇಹಿತರನ್ನು ಕೂಲಿ ಮಾಡೋ.,indicbert
ಕಾಲೆ,ಅನ್ನ ಕಾಲೆ ಮಾಡಬೇಡ.,indicbert
ಕಾಲೆ,ಅವಕಾಶ ಕಾಲೆ ಮಾಡಿದೆ.,indicbert
ಕಾಲೆ,ಹಣ ಕಾಲೆ ಮಾಡುವುದು ನೀತಿಹೀನ.,indicbert
ಕಾಲೆ,ಪ್ರತಿಭೆ ಕಾಲೆ ಮಾಡಬೇಡ.,indicbert
ಕಾಲೆ,ಅಧ್ಯಯನ ಕಾಲೆ ಮಾಡಿದೆ.,indicbert
ಕಾಲೆ,ಪರಿವಾರ ಕಾಲೆ ಮಾಡುವುದು ಅನುಚಿತ.,indicbert
ವಹಿಸು,ಸೋವೆಯನ್ನು ವಹಿಸುವುದು ಭಾರೀ.,indicbert
ವಹಿಸು,ಹೊರೆ ವಹಿಸಿ ಹೋಗಿ.,indicbert
ವಹಿಸು,ರಾಷ್ಟ್ರದ ಜವಾಬ್ದಾರಿ ವಹಿಸುವುದು ಕಷ್ಟ.,indicbert
ವಹಿಸು,ಪದ ವಹಿಸಿಕೊಂಡಿರುವ ಅಧಿಕಾರಿ.,indicbert
ವಹಿಸು,ಸಂಕಟ ವಹಿಸುವುದು ಧೈರ್ಯದ ಲಕ್ಷಣ.,indicbert
ವಹಿಸು,ಹೊತ್ತುಕೊಂಡ ಮನೋವೇದನೆ ವಹಿಸಿ.,indicbert
ಲೇ,ನೀರು ಲೇಯಿ.,indicbert
ಲೇ,ಆ ಸೂಪಿಗೆ ಈ ದ್ರವ್ಯ ಲೇಯಿ.,indicbert
ಲೇ,ಟೇಬಿಲ್ ಮೇಲೆ ನೀರು ಲೇದೆ.,indicbert
ಲೇ,ಹೊಡೆದಿದ್ದರಿಂದ ಹೆಣ್ಣಿನ ಲೋಹಿತ ಲೇದೆ.,indicbert
ಲೇ,ಬೀಜ ಲೇಯಿ.,indicbert
ಲೇ,ಪ್ರಕಾಶ ಲೇದೆ.,indicbert
ಬೆಳೆ,ಮಗು ಬೆಳೆಯುತ್ತಿದೆ.,indicbert
ಬೆಳೆ,ಆತನ ಉತ್ತರ ದಾಯಿತ್ವ ಬೆಳೆಯುತ್ತಿದೆ.,indicbert
ಬೆಳೆ,ಅನ್ನ ಬೆಳೆಯುವುದು ರೈತಿಕೆಯ ಪ್ರಧಾನ ಕೆಲಸ.,indicbert
ಬೆಳೆ,ತರಕಾರಿ ಬೆಳೆಯಿರಿ.,indicbert
ಬೆಳೆ,ಮಗುವಿನ ಮನ ಬೆಳೆಯುವುದು ಮುಖ್ಯ.,indicbert
ಬೆಳೆ,ಶಕ್ತಿ ಬೆಳೆಸಿ.,indicbert
ನಕಲಿ,ಆ ನಕಲಿ ಚಿತ್ರ ಅಸಾಧಾರಣ ಸಿದ್ಧಿ.,indicbert
ನಕಲಿ,ನಕಲಿ ಪಾಸ್‌ಪೋರ್ಟ್ ಜರಿಮಾನೆಗೆ ಸಾಧ್ಯ.,indicbert
ನಕಲಿ,ನಕಲಿ ಸಾಕ್ಷ್ಯ ನ್ಯಾಯಾಲಯದ ವಿರುದ್ಧ ರಿವಾಜು.,indicbert
ನಕಲಿ,ನಕಲಿ ವಾದ್ಯತೆ ನಿಖಿಲ ಎಲೆ ಪ್ರತಿ.,indicbert
ಮುಕ್ತ,ಕೈದಿ ಮುಕ್ತನಾದನು.,indicbert
ಮುಕ್ತ,ಮುಕ್ತ ಮನೋಭಾವ ಅಗತ್ಯ.,indicbert
ಮುಕ್ತ,ಬಂಧನೆಯಿಂದ ಮುಕ್ತನಾದನು.,indicbert
ಮುಕ್ತ,ಇಲಿಯನ್ನು ಮುಕ್ತ ಮಾಡಿ.,indicbert
ಗಟ್ಟ,ಗಟ್ಟ ಕಲ್ಲು ಚಾಪುತ್ತಾರೆ.,indicbert
ಗಟ್ಟ,ಮಜ್ಜಿಗೆ ಗಟ್ಟ ಕಕ್ಷ.,indicbert
ಗಟ್ಟ,ಗುರುವು ಗಟ್ಟ ಆಜ್ಞೆಕಾರಿ.,indicbert
ಗಟ್ಟ,ಗಟ್ಟ ನಿಯಮ ಪಾಲಿಸುತ್ತಾರೆ.,indicbert
ಗಟ್ಟ,ಗಟ್ಟ ಸಮಸ್ಯೆ ಎದುರಾಗಿದೆ.,indicbert
ಗಟ್ಟ,ಗಟ್ಟ ಅನುಸಾರ ನೋವು.,indicbert
ಕಬ್ಬಿ,ಕಬ್ಬಿ ಬಟ್ಟೆ ಹೊಗಳುವುದಲ್ಲ.,indicbert
ಕಬ್ಬಿ,ಕಬ್ಬಿ ಚರ್ಮ ಶೇಕಡೆ.,indicbert
ಕಬ್ಬಿ,ಕಬ್ಬಿ ಮಾತು ಆಘಾತ ಬಿಡುತ್ತದೆ.,indicbert
ಕಬ್ಬಿ,ಕಬ್ಬಿ ವ್ಯವಹಾರ ನಿಜನಾಗಿ ನೋವಾಗಿಸುತ್ತದೆ.,indicbert
ನೀಲ,ನೀಲ ಆಕಾಶ ಮೋಹಕ.,indicbert
ನೀಲ,ನೀಲ ವಸ್ತ್ರ ಸುಂದರವಾಗಿದೆ.,indicbert
ನೀಲ,ನೀಲ ಸಂಜೆ ಬರುತ್ತಿದೆ.,indicbert
ನೀಲ,ನೀಲ ಮೋಹೆ ಅಂಧಕಾರ.,indicbert
ಸಾಧಾರಣ,ಸಾಧಾರಣ ಕುಟುಂಬ ಬದುಕುತ್ತೆ.,indicbert
ಸಾಧಾರಣ,ಸಾಧಾರಣ ಮನುಷ್ಯ ಅಸಾಧಾರಣ ಕಾರ್ಯ ಮಾಡಿದನು.,indicbert
ಸಾಧಾರಣ,ಸಾಧಾರಣ ಚಿಂತನೆ ಸಕಲ ಜನಕ್ಕು ಅನ್ವಯ.,indicbert
ಸಾಧಾರಣ,ಸಾಧಾರಣ ಸತ್ಯ ಪರಿವರ್ತಿತವಾಗಿದೆ.,indicbert
ಲೋಭಿ,ಲೋಭಿ ಮನುಷ್ಯ ಸದಾ ತೃಪ್ತ ರಹಿತ.,indicbert
ಲೋಭಿ,ಲೋಭಿ ಭಾವನೆ ನಾಶ ಮಾಡುತ್ತದೆ.,indicbert
ಲೋಭಿ,ಶಿಕ್ಷೆಯ ಲೋಭಿ ವಿದ್ಯಾರ್ಥಿ.,indicbert
ಲೋಭಿ,ಸಫಲತೆ ಲೋಭಿ ಮನುಷ್ಯ.,indicbert
ಹಿರಿಯ,ಹಿರಿಯ ವ್ಯಕ್ತಿಯನ್ನು ಸಮ್ಮಾನಿಸಿ.,indicbert
ಹಿರಿಯ,ಹಿರಿಯ ಪತ್ನಿ ಶಾಂತಿಮತೆ.,indicbert
ಹಿರಿಯ,ಹಿರಿಯ ಅಧಿಕಾರಿ ನಿರ್ದೇಶನ ಮಾಡಿದರು.,indicbert
ಹಿರಿಯ,ಹಿರಿಯ ಪದ ಪ್ರಾಪ್ತನಾಗಿ.,indicbert
ಕಿರಿಯ,ಕಿರಿಯ ಸಮಸ್ಯೆ ಛಿದ್ರ ಪಟ್ಟು.,indicbert
ಕಿರಿಯ,ಕಿರಿಯ ವಿವರಣೆ ಸ್ಪಷ್ಟ.,indicbert
ಕಿರಿಯ,ಕಿರಿಯ ಮಗು ನೆಲೆಯಲ್ಲಿ.,indicbert
ಕಿರಿಯ,ಕಿರಿಯ ವಯಸ್ಸು ಅಮೂಲ್ಯ.,indicbert
ಪ್ರೀತಿ,ಪ್ರೀತಿ ಭಾರ್ಯೆ ಮನೆಯ ಸಿಂದೂರ.,indicbert
ಪ್ರೀತಿ,ಪ್ರೀತಿ ಭಿತಿಜ ಅವನ ಪ್ರಿಯೆ.,indicbert
ಪ್ರೀತಿ,ಪ್ರೀತಿ ವಿಷಯ ಶಾಸ್ತ್ರ.,indicbert
ಪ್ರೀತಿ,ಪ್ರೀತಿ ಔಷಧ ಇಂದ್ರಿಯ.,indicbert
ಬೋಳ,ಬೋಳ ಕಾಲೆ ಅವನು ಕೆಟ್ಟ ಪರಿಣಾಮ ಮಾಡಿದನು.,indicbert
ಬೋಳ,ಬೋಳ ವಿಚಾರಣೆ ಅಸಮರ್ಥನನ್ನು ಸೂಚಿಸುತ್ತದೆ.,indicbert
ಅರ್ಥ,ಆ ರತ್ನದ ಅರ್ಥ ತುಂಬಾ ಹೆಚ್ಚು.,indicbert
ಅರ್ಥ,ಮಾನವ ಜೀವನದ ಅರ್ಥ ಅಮೂಲ್ಯ.,indicbert
ಕಬ್ಬಿ,ಕಬ್ಬಿ ಮನುಷ್ಯ ಕಷ್ಟ ಸಹಿಸುತ್ತಾನೆ.,indicbert
ಕಬ್ಬಿ,ಕಬ್ಬಿ ನಿರ್ಮಾಣ ದೀರ್ಘಸ್ಥಿರ.,indicbert
ಕರಣ,ಕರ್ನಮ ಭರತಾವಿಯ ಕರಣಗಳು ಅದ್ಭುತವಾಗಿವೆ.,indicbert
ಕರಣ,ಪದವಿನ ಕರಣ ವಿಷಯ ವಿಶ್ಲೇಷಿಸಬೇಕು.,indicbert
ಕರಣ,ಅಪರ ಕರಣ ತೆರೆದುಕೊಂಡಿದೆ.,indicbert
ಕಾಲ,ಕಾಲ ನೋಡುತ್ತಿರುವುದೇ ಅದು.,indicbert
ಕಾಲ,ಕಾಲದ ಸಮಯ ನಿಗದಿತವಾಗಿದೆ.,indicbert
ಕಾಲ,ಕಾಲ ಬಟ್ಟೆ ಧರಿಸಿ.,indicbert
ಕಾಲ,ಕಾಲ ಮೇಘ ಗಾಳಿ ಬೀಸುತ್ತಿದೆ.,indicbert
ಕಿರಿಯ,ಕಿರಿಯ ಸಹೋದರ ಸಹಾಯಕ.,indicbert
ಕಿರಿಯ,ಕಿರಿಯ ಪದ ತೃಪ್ತ ವೈತನಿಕ.,indicbert
ಗುರುತ್ವ,ಗುರುತ್ವ ಕಾಚು ಕೆಲಸ.,indicbert
ಗುರುತ್ವ,ಗುರುತ್ವ ಸಮಸ್ಯೆ ಪರಿಹಾರ.,indicbert
ಗುರುತ್ವ,ಗುರುತ್ವ ನಿರ್ಧಾರ ಕೆಳಗಿಳಿಸಲಾಯಿತು.,indicbert
ಗುರುತ್ವ,ಗುರುತ್ವ ಕಾರ್ಯಭಾರ ತಿಳಿಸಲಾಯಿತು.,indicbert
ಗುರುತ್ವ,ಗುರುತ್ವ ಸಂಜೆಯಲ್ಲಿ ಆರಾಧನೆ.,indicbert
ಗುರುತ್ವ,ಗುರುತ್ವ ನೀತಿ ಅನುಷ್ಠಾನ.,indicbert
ಜಲ,ನೀರಾಯ ಜಲ ಕುಡಿಯಿರಿ.,indicbert
ಜಲ,ಜಲ ಬೆಳಗಿನ ಬಿಸಿಯಲ್ಲಿ ಕುದಿಯುತ್ತಿದೆ.,indicbert
ಜಲ,ತೈಲಜಲ ಸಲ್ಯ ಹೀಲಿಂಗಿಗೆ ಉಪಯುಕ್ತ.,indicbert
ಜಲ,ಕಷಾಯ ಜಲ ಔಷಧ.,indicbert
ಜಲ,ಜಲದಲ್ಲಿ ಬೆನ್ನು ಬದ್ಧವಾಗುತ್ತಿದೆ.,indicbert
ಜಲ,ಜಲ ತೂರುವ ಹೀನಾಭಿಮಾನ ನಿವಾರಿಸುವುದು ಕಷ್ಟ.,indicbert
ಧರಣಿ,ಪುಷ್ಪಗಳ ಧರಣಿ ಸುವಾಸಿತವಾಗಿರುತ್ತವೆ.,indicbert
ಧರಣಿ,ಧರಣಿ ಇಳಿಪಡಿಸುವ ಪದಾರ್ಥ.,indicbert
ನಕಲಿ,ನಕಲಿ ನಾಣ್ಯ ಸಾಕಷ್ಟು ಪರಿಚಿತವಾಗಿದೆ.,indicbert
ನಕಲಿ,ನಕಲಿ ವಸ್ತುವನ್ನು ವಿಕ್ರಯ ಮಾಡುವುದು ಅಪರಾಧ.,indicbert
ನೀಡ,ಪ್ರಭುನ ನೀಡ ನೀತಿಸೋಪಾನದಲ್ಲಿ.,indicbert
ನೀಡ,ಆತ್ಮನ ಚಿರಂತನ ನೀಡ ಅತೀಂದ್ರಿಯ.,indicbert
ನೀಲ,ನೀಲ ಗಿಳಿ ಮಂಡಿರದ ಸ್ಕಂಧ.,indicbert
ನೀಲ,ನೀಲ ರಂಗು ಧೌತ ಸಂಭೋಗ.,indicbert
ನೇತೃತ್ವ,ಪಾರ್ಥ ಸೈನ್ಯವನ್ನು ನೇತೃತ್ವ ಮಾಡಿದರು.,indicbert
ನೇತೃತ್ವ,ಈ ಪ್ರಯೋಗದಲ್ಲಿ ನಾನು ನೇತೃತ್ವ ಮಾಡುತ್ತೇನೆ.,indicbert
ನೇತೃತ್ವ,ಶಿಲ್ಪಿ ಸಂಗೀತವನ್ನು ನೇತೃತ್ವ ಮಾಡಿದರು.,indicbert
ನೇತೃತ್ವ,ಆರ್ಕೆಸ್ಟ್ರಾ ನೇತೃತ್ವ ಮಾಡುವುದು ಕಾಂಡಕ್ಟರ್‌ನ ಕೆಲಸ.,indicbert
ನೇತೃತ್ವ,ಸಂಸ್ಥೆಯನ್ನು ನೇತೃತ್ವ ಮಾಡುವ ಜವಾಬ್ದಾರಿ.,indicbert
ನೇತೃತ್ವ,ಯುವಕನು ಕಂಪನಿ ನೇತೃತ್ವ ಮಾಡಿದನು.,indicbert
ಪುಲ,ನದಿಯ ಮೇಲೆ ಹೊಸ ಪುಲ ನಿರ್ಮಾಣವಾಗುತ್ತಿದೆ.,indicbert
ಪುಲ,ಪುಲ ದಾಟಿ ಹೋಗಿ.,indicbert
ಪುಲ,ಬೆಸೆಯ ಪುಲ ಚೆಂದ ಸುವಾಸಿತವಾಗಿರುತ್ತವೆ.,indicbert
ಪುಲ,ಹೂವಿನ ಪುಲ ನೋಡು.,indicbert
ಪುಲ,ನವೆಂಬರ್ ಅವರಿಗೆ ಪುಲದ ತೂಟು ಕೊಟ್ಟರು.,indicbert
ಪುಲ,ಮದುವೆಯ ಸಮಯದಲ್ಲಿ ಸುಂದರ ಪುಲದ ತೂಟು ನೋಡಲಾಯಿತು.,indicbert
ಪೆರೆಲೆ,ಸೂರ್ಯನ ಪೆರೆಲೆ ಬೀಸುತ್ತಿದೆ.,indicbert
ಪೆರೆಲೆ,ಮರದ ಪೆರೆಲೆಯಲ್ಲಿ ಕುಳಿತುಕೊಂಡೆ.,indicbert
ಪೆರೆಲೆ,ನೀರಿನಲ್ಲಿ ಮುಖದ ಪೆರೆಲೆ ಕಾಣುತ್ತಿದೆ.,indicbert
ಪೆರೆಲೆ,ಕನ್ನಡ ಸಂಸ್ಕೃತಿಯ ಪೆರೆಲೆ ಲೋಕವೆಲ್ಲಾ ಪಡೆದೆ.,indicbert
ಪೆರೆಲೆ,ಆತನ ಮೇಲೆ ನಿರ್ದೋಷತೆಯ ಪೆರೆಲೆಯೂ ಇಲ್ಲ.,indicbert
ಪೆರೆಲೆ,ಪೆರೆಲೆ ಪರಿಚಯ ನಾಶ ಮಾಡುತ್ತದೆ.,indicbert
ಪ್ರಭು,ರವಿ ಪ್ರಭುಗಳು ಮುಖ್ಯ ಅಧಿಕಾರಿ.,indicbert
ಪ್ರಭು,ಪ್ರಭುಗಳ ನಿರ್ದೇಶನ ನೋಡಿ ಕೆಲಸ ಮಾಡಿ.,indicbert
ಪ್ರೀತಿ,ಪ್ರೀತಿ ಸುಗಂಧ ಹೃದಯ.,indicbert
ಪ್ರೀತಿ,ಪ್ರೀತಿ ಸಂವಾದ ಆನಂದ.,indicbert
ಬೀಜ,ತರಕಾರಿಯ ಬೀಜ ಲೋಳೆ.,indicbert
ಬೀಜ,ಬೀಜ ಬಿತ್ತಬೇಕು ವರ್ಷ ಸುಮಾರು.,indicbert
ಬೀಜ,ಆ ಕಲುಷತೆಯ ಬೀಜ ಕುರೂರತೆ.,indicbert
ಬೀಜ,ಚಿಂತೆ ಎಲ್ಲ ಸಮಸ್ಯೆಯ ಬೀಜ.,indicbert
ಬೀಜ,ಗುರುವು ಗುಪ್ತ ಬೀಜ ಪ್ರದಾನ ಮಾಡಿದರು.,indicbert
ಬೀಜ,ಈ ಯಂತ್ರದ ಬೀಜ ತಿಳಿದರೆ ಸಾಧನೆ ಮಾಡಬಹುದು.,indicbert
ಬೋಳ,ಬೋಳ ಮಸ್ತಿಷ್ಕ ಶಿಕ್ಷೆ ಪಡೆಯಲು ಸಾಧ್ಯ.,indicbert
ಬೋಳ,ಬೋಳ ಸಮಝಿಸುವ ಶಕ್ತಿ ಕ್ಷೀಣ.,indicbert
ಬೋಳ,ಈ ಬೋಳ ಬಟ್ಟೆ ಹಾಕುವೆ ಅದೇ.,indicbert
ಬೋಳ,ಆ ಬೋಳ ಕುರುಡೆ ಹಾಗೆ ಕೆಲಸ ಮಾಡುತ್ತಾನೆ.,indicbert
ಬೋಳ,Diverse contexts for each sense,indicbert
ಬೋಳ,"Mix of everyday, literary, and formal usage",indicbert
ಬೋಳ,Real-world applicability,indicbert
ಭಕ್ತ,ಪ್ರಭುದ ಭಕ್ತರು ಧರ್ಮವನ್ನು ಪೋಷಿಸಿದರು.,indicbert
ಭಕ್ತ,ನಿಜನಾದ ಭಕ್ತರು ಸತ್ತರನ್ನು ಒಂದೆಡೆ ಮಾಡುತ್ತಾರೆ.,indicbert
ಮಾಡು,ರೋಗಿಯನ್ನು ಸರಿಯಾಗಿ ಮಾಡಿ.,indicbert
ಮಾಡು,ಸಮಸ್ಯೆಯನ್ನು ಸರಿಯಾಗಿ ಮಾಡಬೇಕು.,indicbert
ಮುಕ್ತ,ಪ್ರಾಣಿ ಮೋಕ್ಷದಿಂದ ಮುಕ್ತನಾದನು.,indicbert
ಮುಕ್ತ,ಶರೀರದ ಬಂಧನೆಯಿಂದ ಮುಕ್ತ ಪುರುಷ.,indicbert
ರಸ,ರೇಸ ರಸದ ಎಳೆ ಮಧುರ.,indicbert
ರಸ,ನಟನ ಅಭಿನಯ ರಸವನ್ನು ಹೃದಯಕ್ಕೆ ಸೇರಿಸುತ್ತದೆ.,indicbert
ರಸ,ಕ್ಷಿತಿಜರ ನೃತ್ಯ ಏಕ ರಸದಿಂದ ತುಂಬಿತ್ತು.,indicbert
